Workbook

Sheet START HERE
B2: KASA CORE — MASTER TASK TRACKER
B3: Tɛkyerɛma Pa Hackathon 2026 · prototype sprint 6–22 Sept · second screening 23–24 Sept · top 25 on 26 Sept
B5: HOW TO USE THIS WORKBOOK
B6: 1. Find your tasks on the 'Task Tracker' sheet — filter the Owner column to your name.
B7: 2. Each morning, update ONLY the Status column of your tasks. That is the whole discipline.
B8: 3. Status options: Not started · In progress · Blocked · Done. If Blocked, say why in Comments and shout in the group.
B9: 4. 'Depends On' = do not start until that task is Done. 'Feeds Into' = someone is waiting on you.
B10: 5. 'Person Dashboard' auto-counts your progress. 'Milestones' are fixed dates — nothing moves them.
B11: 6. 'Submission Checklist' is what must be true to present on 23 Sept. That is the finish line.
B13: THE CHAIN IN ONE SENTENCE
B14: Prove USSD works (Days 1–3) → join one full voice→intent→confirm→USSD→PIN→result path (by Day 8) → add symbol board + data intent + accessibility (by Day 12) → test with blind users, record backup, rehearse (by Day 15) → present.
B16: THE ONE RULE THAT MATTERS MOST
... B19: NON-NEGOTIABLE: we never hold the user's PIN. Frederick needs a real Android phone + MTN SIM from Day 1 or the whole build is blocked.

Sheet Task Tracker
A1: Task ID | B1: Phase | C1: Owner | D1: Task | E1: Deliverable / Evidence | F1: Start | G1: Due | H1: Depends On | I1: Feeds Into | J1: Priority | K1: Status | L1: Comments
A2: K01 | B2: Setup · Day 1 | C2: Frederick Kankam | D2: Secure a real Android phone with an active MTN SIM for USSD testing | E2: Phone in hand, confirmed in chat | F2: Day 1 | G2: Day 1 | H2: - | I2: K10,K11 | J2: Critical | K2: Not started
A3: K02 | B3: Setup · Day 1 | C3: Frederick Kankam | D3: Create GitHub repo, add everyone, push the starter repo (code + docs) | E3: Repo URL shared; all 5 have access | F3: Day 1 | G3: Day 1 | H3: - | I3: ALL | J3: Critical | K3: Not started
A4: K03 | B4: Setup · Day 1 | C4: All members | D4: Everyone reads docs/00_START_HERE.md and their own role guide | E4: Confirmed in standup | F4: Day 1 | G4: Day 1 | H4: K02 | I4: ALL | J4: Critical | K4: Not started
A5: K04 | B5: Setup · Day 1 | C5: All members | D5: Install toolchain (Python+FastAPI / Android Studio+Kotlin / ngrok) | E5: Screenshot in chat | F5: Day 1 | G5: Day 1 | H5: K02 | I5: - | J5: High | K5: Not started
A6: K05 | B6: Setup · Day 1 | C6: Frederick Kankam | D6: First design session: lock PIN-entry mechanism, wake method, contacts source | E6: Decisions in dev log | F6: Day 1 | G6: Day 1 | H6: K03 | I6: K30,K41 | J6: High | K6: Not started
A7: K10 | B7: Spike · Days 1–3 | C7: Frederick Kankam | D7: Dial *170# and map the real MTN menu tree into config/ussd_scripts.json | E7: Verified menu digits committed | F7: Day 1 | G7: Day 2 | H7: K01 | I7: K12,K31 | J7: Critical | K7: Not started
A8: K11 | B8: Spike · Days 1–3 | C8: Frederick Kankam | D8: Balance via sendUssdRequest reads the real balance aloud on device | E8: Working balance path (video) | F8: Day 1 | G8: Day 2 | H8: K01 | I8: K33 | J8: Critical | K8: Not started
A9: K12 | B9: Spike · Days 1–3 | C9: Frederick Kankam | D9: AccessibilityService drives 2–3 send-money steps + detects PIN prompt on 2 phones | E9: Spike demo on 2 devices | F9: Day 2 | G9: Day 3 | H9: K10 | I9: K31 | J9: Critical | K9: Not started
A10: K13 | B10: Spike · Days 1–3 | C10: Frederick Kankam | D10: GO / NO-GO decision on interactive USSD (else switch to assisted mode) | E10: Written decision in dev log | F10: Day 3 | G10: Day 3 | H10: K12 | I10: K31 | J10: Critical | K10: Not started
A11: K20 | B11: Server · Days 1–3 | C11: Selorm Sem | D11: Stand up FastAPI, /health live, ngrok URL shared with Richmond | E11: /health returns ok from phone | F11: Day 1 | G11: Day 1 | H11: K02 | I11: K21,K42 | J11: Critical | K11: Not started
A12: K21 | B12: Server · Days 1–3 | C12: Selorm Sem | D12: Extract parser into intent_parser.py; expand Twi grammar (actions, numbers, recipients) | E12: 20 typed commands parse correctly | F12: Day 1 | G12: Day 3 | H12: K20 | I12: K22,K23 | J12: High | K12: Not started
A13: K30 | B13: Speech · Days 1–3 | C13: Kelvin Agyare Yeboah | D13: Email Evans + lab for dcshcilab_Whisper/Vits + datasets; set Whisper-small fallback | E13: Emails sent; baseline ASR runs | F13: Day 1 | G13: Day 1 | H13: K03 | I13: K32,K34 | J13: High | K13: Not started
... A36: K60 | B36: Present · 23–24 Sept | C36: All members | D36: Deliver the live prototype presentation to the mentors | E36: Presentation done | F36: Day 16 | G36: Day 17 | H36: K53,K54 | I36: (final) | J36: Critical | K36: Not started

Sheet Person Dashboard
B2: PROGRESS BY PERSON (auto-updates from Task Tracker)
B4: Member | C4: Squad | D4: Total | E4: Done | F4: In progress | G4: Blocked | H4: Not started | I4: % Complete
B5: Frederick Kankam | C5: USSD / Integration | D5: =COUNTIF('Task Tracker'!$C$2:$C$36,$B5)+COUNTIF('Task Tracker'!$C$2:$C$36,"All members") | E5: =COUNTIFS('Task Tracker'!$C$2:$C$36,$B5,'Task Tracker'!$K$2:$K$36,"Done")+COUNTIFS('Task Tracker'!$C$2:$C$36,"All members",'Task Tracker'!$K$2:$K$36,"Done") | F5: =COUNTIFS('Task Tracker'!$C$2:$C$36,$B5,'Task Tracker'!$K$2:$K$36,"In progress")+COUNTIFS('Task Tracker'!$C$2:$C$36,"All members",'Task Tracker'!$K$2:$K$36,"In progress") | G5: =COUNTIFS('Task Tracker'!$C$2:$C$36,$B5,'Task Tracker'!$K$2:$K$36,"Blocked")+COUNTIFS('Task Tracker'!$C$2:$C$36,"All members",'Task Tracker'!$K$2:$K$36,"Blocked") | H5: =COUNTIFS('Task Tracker'!$C$2:$C$36,$B5,'Task Tracker'!$K$2:$K$36,"Not started")+COUNTIFS('Task Tracker'!$C$2:$C$36,"All members",'Task Tracker'!$K$2:$K$36,"Not started") | I5: =IFERROR($E5/$D5,0)
B6: Selorm Sem | C6: Server / NLU | D6: =COUNTIF('Task Tracker'!$C$2:$C$36,$B6)+COUNTIF('Task Tracker'!$C$2:$C$36,"All members") | E6: =COUNTIFS('Task Tracker'!$C$2:$C$36,$B6,'Task Tracker'!$K$2:$K$36,"Done")+COUNTIFS('Task Tracker'!$C$2:$C$36,"All members",'Task Tracker'!$K$2:$K$36,"Done") | F6: =COUNTIFS('Task Tracker'!$C$2:$C$36,$B6,'Task Tracker'!$K$2:$K$36,"In progress")+COUNTIFS('Task Tracker'!$C$2:$C$36,"All members",'Task Tracker'!$K$2:$K$36,"In progress") | G6: =COUNTIFS('Task Tracker'!$C$2:$C$36,$B6,'Task Tracker'!$K$2:$K$36,"Blocked")+COUNTIFS('Task Tracker'!$C$2:$C$36,"All members",'Task Tracker'!$K$2:$K$36,"Blocked") | H6: =COUNTIFS('Task Tracker'!$C$2:$C$36,$B6,'Task Tracker'!$K$2:$K$36,"Not started")+COUNTIFS('Task Tracker'!$C$2:$C$36,"All members",'Task Tracker'!$K$2:$K$36,"Not started") | I6: =IFERROR($E6/$D6,0)
B7: Kelvin Agyare Yeboah | C7: Speech (ASR/TTS) | D7: =COUNTIF('Task Tracker'!$C$2:$C$36,$B7)+COUNTIF('Task Tracker'!$C$2:$C$36,"All members") | E7: =COUNTIFS('Task Tracker'!$C$2:$C$36,$B7,'Task Tracker'!$K$2:$K$36,"Done")+COUNTIFS('Task Tracker'!$C$2:$C$36,"All members",'Task Tracker'!$K$2:$K$36,"Done") | F7: =COUNTIFS('Task Tracker'!$C$2:$C$36,$B7,'Task Tracker'!$K$2:$K$36,"In progress")+COUNTIFS('Task Tracker'!$C$2:$C$36,"All members",'Task Tracker'!$K$2:$K$36,"In progress") | G7: =COUNTIFS('Task Tracker'!$C$2:$C$36,$B7,'Task Tracker'!$K$2:$K$36,"Blocked")+COUNTIFS('Task Tracker'!$C$2:$C$36,"All members",'Task Tracker'!$K$2:$K$36,"Blocked") | H7: =COUNTIFS('Task Tracker'!$C$2:$C$36,$B7,'Task Tracker'!$K$2:$K$36,"Not started")+COUNTIFS('Task Tracker'!$C$2:$C$36,"All members",'Task Tracker'!$K$2:$K$36,"Not started") | I7: =IFERROR($E7/$D7,0)
B8: Richmond Nyamedor | C8: App / Accessibility | D8: =COUNTIF('Task Tracker'!$C$2:$C$36,$B8)+COUNTIF('Task Tracker'!$C$2:$C$36,"All members") | E8: =COUNTIFS('Task Tracker'!$C$2:$C$36,$B8,'Task Tracker'!$K$2:$K$36,"Done")+COUNTIFS('Task Tracker'!$C$2:$C$36,"All members",'Task Tracker'!$K$2:$K$36,"Done") | F8: =COUNTIFS('Task Tracker'!$C$2:$C$36,$B8,'Task Tracker'!$K$2:$K$36,"In progress")+COUNTIFS('Task Tracker'!$C$2:$C$36,"All members",'Task Tracker'!$K$2:$K$36,"In progress") | G8: =COUNTIFS('Task Tracker'!$C$2:$C$36,$B8,'Task Tracker'!$K$2:$K$36,"Blocked")+COUNTIFS('Task Tracker'!$C$2:$C$36,"All members",'Task Tracker'!$K$2:$K$36,"Blocked") | H8: =COUNTIFS('Task Tracker'!$C$2:$C$36,$B8,'Task Tracker'!$K$2:$K$36,"Not started")+COUNTIFS('Task Tracker'!$C$2:$C$36,"All members",'Task Tracker'!$K$2:$K$36,"Not started") | I8: =IFERROR($E8/$D8,0)
B9: Accessibility Lead | C9: Inclusion / QA | D9: =COUNTIF('Task Tracker'!$C$2:$C$36,$B9)+COUNTIF('Task Tracker'!$C$2:$C$36,"All members") | E9: =COUNTIFS('Task Tracker'!$C$2:$C$36,$B9,'Task Tracker'!$K$2:$K$36,"Done")+COUNTIFS('Task Tracker'!$C$2:$C$36,"All members",'Task Tracker'!$K$2:$K$36,"Done") | F9: =COUNTIFS('Task Tracker'!$C$2:$C$36,$B9,'Task Tracker'!$K$2:$K$36,"In progress")+COUNTIFS('Task Tracker'!$C$2:$C$36,"All members",'Task Tracker'!$K$2:$K$36,"In progress") | G9: =COUNTIFS('Task Tracker'!$C$2:$C$36,$B9,'Task Tracker'!$K$2:$K$36,"Blocked")+COUNTIFS('Task Tracker'!$C$2:$C$36,"All members",'Task Tracker'!$K$2:$K$36,"Blocked") | H9: =COUNTIFS('Task Tracker'!$C$2:$C$36,$B9,'Task Tracker'!$K$2:$K$36,"Not started")+COUNTIFS('Task Tracker'!$C$2:$C$36,"All members",'Task Tracker'!$K$2:$K$36,"Not started") | I9: =IFERROR($E9/$D9,0)
B10: TEAM | D10: =SUM(D5:D9) | E10: =SUM(E5:E9) | F10: =SUM(F5:F9) | G10: =SUM(G5:G9) | H10: =SUM(H5:H9) | I10: =IFERROR($E10/$D10,0)

Sheet Milestones
B2: FIXED CHECKPOINTS — nothing moves these
B4: By | C4: Phase | D4: Milestone | E4: What must be true | F4: Accountable
B5: Day 1 | C5: Setup | D5: Kickoff + repo + design session | E5: Roles set, repo live, PIN/wake/contacts decided, phone+SIM secured | F5: Frederick
B6: Day 3 | C6: Spike | D6: USSD GO/NO-GO | E6: Balance reads aloud; interactive USSD proven on 2 phones OR assisted mode chosen | F6: Frederick
B7: Day 3 | C7: Spike | D7: Pipeline unblocked | E7: /health live, baseline ASR handed over, app builds on fakes | F7: Selorm
B8: Day 8 | C8: Integration | D8: THIN PATH JOINED | E8: One full send-money: voice→intent→confirm→USSD→user PIN→result on a real phone | F8: All
B9: Day 12 | C9: Breadth | D9: Feature complete | E9: Symbol board + buy-data + full accessibility (TalkBack, no-timeout, captions, keypad) | F9: Richmond
B10: Day 14 | C10: Test | D10: User-tested | E10: 2–3 blind users completed tasks; change log written; backup video recorded | F10: Accessibility Lead
B11: Day 15 | C11: Rehearse | D11: Demo-ready | E11: Fixes in; adversarial tests pass safely; 5-min presentation rehearsed x3 | F11: Frederick
B12: 23–24 Sept | C12: Present | D12: SECOND SCREENING | E12: Live prototype presented to mentors | F12: All
B13: 26 Sept | C13: Result | D13: Top 25 | E13: Selection announced | F13: -

Sheet People & Roles
B2: WHO OWNS WHAT
B4: Member | C4: Role | D4: Squad | E4: Owns (in one line)
B5: Frederick Kankam | C5: Project Lead + USSD Engineer | D5: USSD / Integration | E5: The risky module: driving USSD safely, PIN hand-off, architecture, standups, demo
B6: Selorm Sem | C6: Backend Engineer | D6: Server / NLU | E6: Inference server, Twi command parser, intent schema, audit log
B7: Kelvin Agyare Yeboah | C7: ML Engineer | D7: Speech (ASR/TTS) | E7: Twi speech-in and speech-out behind clean functions; fine-tuning; number-to-Twi
B8: Richmond Nyamedor | C8: Frontend (Android) Engineer | D8: App / Accessibility | E8: Native Kotlin app, screens, accessibility, capture, confirm, symbol board, PIN keypad
B9: Accessibility Lead | C9: Co-design + User Testing | D9: Inclusion / QA | E9: Owns PIN-entry decision, tests every screen, recruits blind testers, source of truth on Twi

Sheet Submission Checklist
B2: WHAT MUST BE TRUE TO PRESENT ON 23 SEPT
B4: Requirement | C4: Accountable | D4: Done? | E4: Evidence / location
B5: Twi voice command is recognised and turned into a correct Intent | C5: Selorm / Kelvin | D5: No
B6: Confirm-before-execute: app speaks + shows summary, waits for explicit approval | C6: Richmond | D6: No
B7: Balance read back aloud in Twi on a real phone | C7: Frederick / Kelvin | D7: No
B8: Send-money drives USSD and STOPS at the PIN for the user to enter (or assisted mode) | C8: Frederick | D8: No
B9: PIN is never stored, never transmitted, never spoken | C9: Frederick / Richmond | D9: No
B10: One non-transfer intent (buy data) works — proves it is not hard-coded | C10: Selorm / Frederick | D10: No
B11: Symbol board produces the same Intent and confirm flow | C11: Richmond | D11: No
B12: Usable with TalkBack, eyes-off, by a blind user | C12: Richmond / Accessibility Lead | D12: No
B13: Captions on all spoken output; contrast and text size meet WCAG AA | C13: Richmond | D13: No
B14: Works on a low-end phone over USSD (no dependency on good data) | C14: Frederick | D14: No
B15: Command accuracy reported by subgroup, not one number | C15: Kelvin | D15: No
B16: User-testing evidence: one concrete change made because a blind user asked | C16: Accessibility Lead | D16: No
... B18: 5-minute presentation rehearsed (narrator + phone driver) | C18: Frederick | D18: No
